<?xml version="1.0" encoding="UTF-8"?>
<!--

       Copyright 2009-2019 the original author or authors.

       Licensed under the Apache License, Version 2.0 (the "License");
       you may not use this file except in compliance with the License.
       You may obtain a copy of the License at

          http://www.apache.org/licenses/LICENSE-2.0

       Unless required by applicable law or agreed to in writing, software
       distributed under the License is distributed on an "AS IS" BASIS,
       WITHOUT WARRANTIES OR CONDITIONS OF ANY KIND, either express or implied.
       See the License for the specific language governing permissions and
       limitations under the License.

-->
<document xmlns="http://maven.apache.org/XDOC/2.0" xmlns:xsi="http://www.w3.org/2001/XMLSchema-instance"
  xsi:schemaLocation="http://maven.apache.org/XDOC/2.0 http://maven.apache.org/xsd/xdoc-2.0.xsd">

  <properties>
    <title>MyBatis 3 | Java API</title>
    <author email="clinton.begin@gmail.com">Clinton Begin</author>
    <author email="harawata@gmail.com">Iwao AVE!</author>
  </properties>

  <body>
  <section name="Java API" id="javaApi">
  <p>前章までで、設定方法と SQL マップの書き方は学びました。MyBatis Java API は、今までの努力が実を結ぶところです。この章を読めば、JDBC と比べると、MyBatis によってコードが大幅に単純化され、クリーンで理解しやすくメンテナンスも容易な状態を保つことができるということが分かると思います。</p>

  <subsection name="ディレクトリ構造" id="directoryStructure">
  <p>Java API の説明に入る前に、ディレクトリ構造に関するベストプラクティスを理解しておくことが重要です。MyBatis は柔軟で、基本的にファイルは好きな場所に配置することができますが、多くのフレームワークと同様に推奨される構成があります。</p>
  <p>典型的なアプリケーションのディレクトリ構造を見てみましょう。</p>
  <pre>/my_application
  /bin
  /devlib
  <strong>/lib                <tt>&lt;-- MyBatis *.jar ファイルはここに配置します。</tt></strong>
  /src
    /org/myapp/
      /action
      <strong>/data           <tt>&lt;-- MyBatis 関連のファイル（Mapper クラス、XML 設定ファイル、XML マッピングファイル）はここに配置します。</tt></strong>
        /mybatis-config.xml
        /BlogMapper.java
        /BlogMapper.xml
      /model
      /service
      /view
    <strong>/properties       <tt>&lt;-- 設定ファイルで読み込む properties ファイルはここに配置します。</tt></strong>
  /test
    /org/myapp/
      /action
      /data
      /model
      /service
      /view
    /properties
  /web
    /WEB-INF
      /web.xml</pre>
  <p>これは推奨されるディレクトリ構造であって必須ではありませんが、一般的なディレクトリ構造を使っておけば他の開発者からは感謝されるはずです。</p>
  <p>尚、この章のサンプルでは、上記のディレクトリ構造を前提にしています。</p>
  </subsection>

  <subsection name="SqlSessions" id="sqlSessions">
  <p>MyBatis の最も良く使う Java インターフェイスは SqlSession です。コマンドの実行、Mapper の取得、トランザクション管理はこのインターフェイスを通して行うことができます。SqlSession については、後で詳しく説明しますが、その前に SqlSession のインスタンスを取得する方法について学ばなくてはなりません。SqlSession は SqlSessionFactory のインスタンスによって作成されます。SqlSessionFactory には、様々な方法で SqlSession を作成するメソッドが含まれています。SqlSessionFactory 自身は SqlSessionFactoryBuilder によって作られますが、作成される SqlSessionFactory は XML、アノテーション、ハードコードされた Java コンフィグレーションのいずれかの方法で設定することができます。</p>
  <p><span class="label important">NOTE</span> MyBatis を Spring や Guice といった依存性注入（DI = Dependency Injection）フレームワークと組み合わせて使う場合、SqlSession は DI フレームワークによって作成・注入されます。SqlSessionFactoryBuilder や SqlSessionFactory を使う必要はありませんので、SqlSession の章まで飛ばして構いません。DIフレームワークとの組み合わせについては MyBatis-Spring および MyBatis-Guice のマニュアルを参照してください。</p>
  <h4>SqlSessionFactoryBuilder</h4>
  <p>SqlSessionFactoryBuilder には５つの build() メソッドがあり、それぞれ異なるソースから SqlSession をビルドすることができるようになっています。</p>
  <source>SqlSessionFactory build(InputStream inputStream)
SqlSessionFactory build(InputStream inputStream, String environment)
SqlSessionFactory build(InputStream inputStream, Properties properties)
SqlSessionFactory build(InputStream inputStream, String env, Properties props)
SqlSessionFactory build(Configuration config)</source>

  <p>
良く使うのは、InputStream のインスタンスを引数に取って XML ファイル（具体的には mybatis-config.xml ファイル）を読み込む最初の４つのメソッドです。オプションの引数は environment と properties です。environment は、データソースやトランザクションマネージャーも含めて、どの environment を読み込むかを決定します。例：</p>

  <source><![CDATA[<environments default="development">
  <environment id="development">
    <transactionManager type="JDBC">
        ...
    <dataSource type="POOLED">
        ...
  </environment>
  <environment id="production">
    <transactionManager type="MANAGED">
        ...
    <dataSource type="JNDI">
        ...
  </environment>
</environments>]]></source>
  <p>引数として environment を取る build メソッドを呼び出した場合、MyBatis はその environment の設定を使ってビルドを実行します。未定義の environment を指定した場合はエラーが発生します。引数に environment を取らない build メソッドを呼び出した場合はデフォルトの environment が使用されます（上記の例では default="development" と指定されています）。</p>
  <p>引数に properties のインスタンスを取る build メソッドを実行した場合、これらのプロパティは設定内でアクセスできるように読み込まれます。設定内では ${propName} のように記述することでプロパティを参照することができます。</p>
  <p>このドキュメントの前の方で説明しましたが、プロパティは mybatis-config.xml ファイルからも参照される可能性があるので、優先順位について理解しておくことが重要です。再掲しておきます。</p>

  <hr/>
  <p>プロパティが複数の箇所で指定されていた場合、MyBatis は次の順序で読み込みます。</p>
  <ul>
    <li>まず最初に properties 要素のボディで指定されたプロパティが読み込まれます。</li>
    <li>次に、クラスパスリソースや properties 要素の url 属性で指定された Properties が読み込まれます。先に設定されていた値があれば上書きされます。</li>
  <li>そして最後にメソッドの引数として渡された値が読み込まれます。ここでも properties 要素のボディで指定された値や resource/url 属性で指定されたファイルから同じキーを持つ値が読み込まれていた場合には上書きされます。</li>
  </ul>
  <p>従って、メソッド引数として渡されたプロパティが最も優先度が高く、次に resource/url 属性、最も優先度が低いのは properties 要素のボディで指定された値ということになります。</p>
  <hr/>

  <p>まとめると、最初の４つの build メソッドはだいたい同じで、必要に応じて environment と properties をオーバーライドできるメソッドを選択することができます。mybatis-config.xml ファイルから SqlSessionFactory をビルドする例を挙げておきます。</p>

  <source>String <strong>resource</strong> = "org/mybatis/builder/mybatis-config.xml";
InputStream <strong>inputStream</strong> = Resources.getResourceAsStream(resource);
SqlSessionFactoryBuilder <strong>builder</strong> = new SqlSessionFactoryBuilder();
SqlSessionFactory <strong>factory</strong> = builder.build(inputStream);</source>

  <p>ここでは org.apache.ibatis.io パッケージに含まれている Resources ユーティリティクラスを利用しています。このクラスは名前からも分かるように、クラスパスやファイルシステムあるいはウェブ上の URL からリソースを読み込むためのメソッドを提供します。分かりやすい実装なので、ソースを読めばどのようなメソッドが用意されているか分かると思いますが、シグネチャだけリストアップしておきます。</p>
  <source>URL getResourceURL(String resource)
URL getResourceURL(ClassLoader loader, String resource)
InputStream getResourceAsStream(String resource)
InputStream getResourceAsStream(ClassLoader loader, String resource)
Properties getResourceAsProperties(String resource)
Properties getResourceAsProperties(ClassLoader loader, String resource)
Reader getResourceAsReader(String resource)
Reader getResourceAsReader(ClassLoader loader, String resource)
File getResourceAsFile(String resource)
File getResourceAsFile(ClassLoader loader, String resource)
InputStream getUrlAsStream(String urlString)
Reader getUrlAsReader(String urlString)
Properties getUrlAsProperties(String urlString)
Class classForName(String className)</source>

  <p>もう一つの build メソッドは Configuration のインスタンスを引数に取ります。Configuration クラスには、SqlSessionFactory のインスタンスについて必要とされる設定が全てが含まれています。Configuration クラスを使うと、設定を調べたり、SQL マップの検索、変更を行うこともできます（アプリケーションがリクエストを受け付けた後で SQL マップを操作するのは避けるべきですが）。Configuration クラスは Java API からのみ利用可能で、これまでに出てきた全ての設定にアクセスすることができます。コード内で生成した Configuration のインスタンスを build() メソッドに渡して SqlSessionFactory を作成する簡単な例を挙げておきます。</p>
  <source>DataSource dataSource = BaseDataTest.createBlogDataSource();
TransactionFactory transactionFactory = new JdbcTransactionFactory();

Environment environment = new Environment("development", transactionFactory, dataSource);

Configuration configuration = new Configuration(environment);
configuration.setLazyLoadingEnabled(true);
configuration.setEnhancementEnabled(true);
configuration.getTypeAliasRegistry().registerAlias(Blog.class);
configuration.getTypeAliasRegistry().registerAlias(Post.class);
configuration.getTypeAliasRegistry().registerAlias(Author.class);
configuration.addMapper(BoundBlogMapper.class);
configuration.addMapper(BoundAuthorMapper.class);

SqlSessionFactoryBuilder builder = new SqlSessionFactoryBuilder();
SqlSessionFactory factory = builder.build(configuration);</source>

  <p>SqlSessionFactory が手に入ったので、SqlSession のインスタンスを生成することができます。</p>

  <h4>SqlSessionFactory</h4>
  <p>SqlSessionFactory には、SqlSession のインスタンスを作成するためのメソッドが６つ用意されています。一般的には、以下のような条件を考慮してメソッドを選ぶことになると思います。</p>
  <ul>
    <li><strong>Transaction</strong>: 生成したセッションに対してトランザクション管理が必要か、あるいは auto-commit モード（ほとんどのデータベース／JDBC ドライバで「トランザクション無し」を意味します）で利用するか。</li>
    <li><strong>Connection</strong>: 設定した DataSource 経由で MyBatis に Connection を取得させるか、あるいはあなたが Connection を提供するか。</li>
    <li><strong>Execution</strong>: PreparedStatement の再利用とバッチ更新（update, insert, delete）の両方あるいはどちらか一方を行う必要があるか。</li>
  </ul>
  <p>上記の判定によって渡すべき引数が決まれば適切な openSession() メソッドを選択することができるはずです。</p>
  <source>SqlSession openSession()
SqlSession openSession(boolean autoCommit)
SqlSession openSession(Connection connection)
SqlSession openSession(TransactionIsolationLevel level)
SqlSession openSession(ExecutorType execType,TransactionIsolationLevel level)
SqlSession openSession(ExecutorType execType)
SqlSession openSession(ExecutorType execType, boolean autoCommit)
SqlSession openSession(ExecutorType execType, Connection connection)
Configuration getConfiguration();</source>

  <p>引数を取らないデフォルトの openSession() メソッドは次のような性質を持った SqlSession を生成します。</p>
  <ul>
    <li>トランザクションスコープが開始されます（つまり auto-commit ではないということです）。</li>
    <li><code>Connection</code> オブジェクトは、現在の environment で設定されている DataSource インスタンスから取得されます。</li>
    <li>ドライバーまたはデータソースのデフォルトのトランザクション分離レベルが適用されます。</li>
    <li>PreparedStatement は再利用されず、バッチ更新も行われません。</li>
  </ul>
  <p>ほとんどのメソッドは見たままです。auto-commit を有効にするには、オプションの引数 auto-commit に対して <code>true</code> を指定します。自前の接続を使う場合は、<code>Connection</code> のインスタンスを引数として渡します。auto-commit と Connection を両方引数に持つメソッドはありませんが、これは MyBatis が渡された Connection のモードをそのまま利用するからです。トランザクション分離レベルを指定する場合、MyBatis が提供する enum 型のラッパー <code>TransactionIsolationLevel</code> を引数として渡します。JDBC によって提供される５つのトランザクション分離レベル(<code>NONE</code>, <code>READ_UNCOMMITTED</code>, <code>READ_COMMITTED</code>, <code>REPEATABLE_READ</code>, <code>SERIALIZABLE</code>)  が用意されています。</p>
  <p>もう一つの引数 <code>ExecutorType</code> は列挙型で、３つの値が定義されています。</p>
  <ul>
    <li><code>ExecutorType.SIMPLE</code>: 特別なことは行いません。ステートメントを実行するたびに新しい PreparedStatement を作成します。</li>
    <li><code>ExecutorType.REUSE</code>: PreparedStatement を再利用します。</li>
    <li><code>ExecutorType.BATCH</code>: 全ての更新ステートメントをバッチで実行し、途中で SELECT が実行される場合は、より分かりやすい動作となるよう必要に応じてトランザクション境界を設定します。</li>
  </ul>
  <p><span class="label important">NOTE</span> 説明しませんでしたが、SqlSessionFactory にはもう一つ <em>getConfiguration()</em> というメソッドがあります。このメソッドは、MyBatis の実行時設定についての情報を保持する Configuration のインスタンスを返します。</p>
  <p><span class="label important">NOTE</span> 旧バージョンの MyBatis では、セッション、トランザクション、バッチは互いに独立していました。MyBatis 3 では、これら３つは全てセッションのスコープに含まれているので、それぞれを別々に扱う必要はありません。</p>

  <h4>SqlSession</h4>
  <p>以前説明したように、SqlSession は MyBatis でも最も強力なクラスで、ステートメントの実行、トランザクションのコミットまたはロールバック、Mapper インスタンスの取得を行うメソッドが全て含まれています。</p>
  <p>SqlSession には 20 を超えるメソッドが定義されていますので、いくつかのグループに分けて説明します。</p>

  <h5>ステートメントを実行するメソッド</h5>
  <p>これらは、SQL Mapper で定義されている SELECT, INSERT, UPDATE, DELETE の各メソッドを実行するためのメソッドです。ほとんど自明ですが、それぞれ引数としてステートメントの ID とステートメントの引数オブジェクト（プリミティブ、JavaBean、POJO、Map のいずれか）を取ります。</p>
  <source><![CDATA[<T> T selectOne(String statement, Object parameter)
<E> List<E> selectList(String statement, Object parameter)
<T> Cursor<T> selectCursor(String statement, Object parameter)
<K,V> Map<K,V> selectMap(String statement, Object parameter, String mapKey)
int insert(String statement, Object parameter)
int update(String statement, Object parameter)
int delete(String statement, Object parameter)]]></source>
  <p>selectOne と selectList の違いは、selectOne は１つのオブジェクトまたは null を返さなくてはならないということです。複数のオブジェクトが返されると例外が発生します。結果のオブジェクト数が未知の場合は selectList を使用してください。オブジェクトが存在するかどうかを確認したいのなら、カウント結果（0 or 1）を返すようにした方が良いでしょう。selectMap は、結果のリストを mapKey で指定したプロパティに基づいたマップに格納して返す特殊なメソッドです。<br />ステートメントの引数は不要な場合もあるので、parameter オブジェクトの引数を持たないオーバーロードメソッドも用意されています。</p>
  <p>A Cursor offers the same results as a List, except it fetches data lazily using an Iterator.</p>
  <source><![CDATA[try (Cursor<MyEntity> entities = session.selectCursor(statement, param)) {
   for (MyEntity entity:entities) {
      // process one entity
   }
}]]></source>
  <p>insert, update, delete の各メソッドは、ステートメントの実行によって影響を受けた行数を返します。</p>
  <source><![CDATA[<T> T selectOne(String statement)
<E> List<E> selectList(String statement)
<T> Cursor<T> selectCursor(String statement)
<K,V> Map<K,V> selectMap(String statement, String mapKey)
int insert(String statement)
int update(String statement)
int delete(String statement)]]></source>

  <p>最後に、高度な処理を行うための select メソッドがあります。これらは主に非常に大きなデータセットを扱う場合に、返される行の範囲を限定したり、カスタムの ResultHandler を使って独自に結果処理を行うことができるようになっています。</p>
  <source><![CDATA[<E> List<E> selectList (String statement, Object parameter, RowBounds rowBounds)
<T> Cursor<T> selectCursor(String statement, Object parameter, RowBounds rowBounds)
<K,V> Map<K,V> selectMap(String statement, Object parameter, String mapKey, RowBounds rowbounds)
void select (String statement, Object parameter, ResultHandler<T> handler)
void select (String statement, Object parameter, RowBounds rowBounds, ResultHandler<T> handler)]]></source>

  <p>RowBounds 引数を渡すことによって、指定された数のレコードをスキップし、結果として返される行の数を制限することができます。RowBounds クラスはイミュータブルで、コンストラクタ引数として offset と limit を取ります。</p>
  <source>int offset = 100;
int limit = 25;
RowBounds rowBounds = new RowBounds(offset, limit);</source>

  <p>ドライバーによって得られる効果は異なります。SCROLL_SENSITIVE または SCROLL_INSENSITIVE （つまり FORWARD_ONLY 以外）の結果セットタイプを使った時、最も良いパフォーマンスが得られます。</p>
  <p>ResultHandler を渡すと、各行を自由に処理することができます。List に追加したり、Map や Set を作成することもできますし、結果を捨てて合計値のみを返すこともできます。ResultHandler を使えば好きな処理を行うことも可能で、MyBatis 自身も内部的に結果リストを構築するために ResultHandler を利用しています。</p>
  <p>3.4.6 以降では、CALLABLE ステートメントに渡された ResultHandler は、指定されたストアド・プロシージャで宣言されている REFCURSOR 型の OUT 引数全てに対して適用されます。</p>
  <p>ResultHandler インターフェイスは非常にシンプルです。</p>
  <source><![CDATA[package org.mybatis.executor.result;
public interface ResultHandler<T> {
  void handleResult(ResultContext<? extends T> context);
}]]></source>

  <p>引数 ResultContext を介して結果オブジェクトにアクセスすることができます。ResultContext#getResultCount() メソッドは作成された結果オブジェクトの数を返します。ResultContext#stop() メソッドを呼び出すと、それ以上結果を読み込まないよう MyBatis に指示します。</p>

  <p>ResultHandler を使用する場合に注意すべき点が２つあります。</p>

  <ul>
  <li>ResultHandler を引数に取るメソッドから返されるデータはキャッシュされません。</li>
  <li>複雑な ResultMap では複数行のデータがひとつのオブジェクトにマッピングされることもあります。こうした ResultMap を ResultHandler と併用する際、association や collection のデータがマッピングされる前の状態のオブジェクトが渡される場合があります。</li>
  </ul>

  <h5>バッチ更新ステートメントをフラッシュするメソッド</h5>
  <p>バッチ更新用に JDBC ドライバ内に蓄積されたステートメントを任意のタイミングでデータベースへフラッシュ(実行)するメソッドがあります。このメソッドは、 <code>ExecutorType</code> として <code>ExecutorType.BATCH</code> を使用している場合に使用することができます。</p>
  <source><![CDATA[List<BatchResult> flushStatements()]]></source>

  <h5>トランザクションを制御するメソッド</h5>
  <p>トランザクションのスコープを制御するメソッドは４つあります。当然ですが、auto-commit を使用する場合や、外部のトランザクションマネージャーを使っている場合、これらのメソッドは効果がありません。しかし、Connection のインスタンスによって管理されている JDBC トランザクションマネージャーを利用している場合は便利なメソッドです。</p>
  <source>void commit()
void commit(boolean force)
void rollback()
void rollback(boolean force)</source>
  <p>デフォルトでは、データベースが insert, update, delete メソッドの実行によって変更されない限り MyBatis は commit を実行しません。何らかの理由でこれらのメソッドを使わずにデータを変更した場合は確実にコミットされるように commit メソッドに引数 true を渡してください（ただし、auto-commit モードのセッションや外部のトランザクションマネージャーを使っている場合は true を渡してもコミットされません）。commit が実行されない場合、MyBatis がロールバックを実行するので、通常明示的に rollback() メソッドを呼び出す必要はありません。しかし、一つのセッションの中で複数のコミットやロールバックが必要とされるようなケースでは、rollback() メソッドを使ってより細かい制御を行うことが可能です。</p>
  <p><span class="label important">NOTE</span> Mybatis-Spring と MyBatis-Guice では宣言的トランザクションがサポートされています。詳細は各サブプロジェクトのドキュメントを参照してください。</p>

  <h5>ローカルキャッシュ</h5>
  <p>MyBatis は２種類の内部キャッシュを使用します。</p>
  <p>新しいセッションが生成される際、同時にローカルキャッシュが作成され、セッションにアタッチされます。このセッション内で実行されるクエリは全てローカルキャッシュに保存され、同一パラメーターで再度呼び出された場合はデータベースに問い合わせずに結果を返します。ローカルキャッシュは update, commit, rollback, close が実行されるとクリアされるようになっています。</p>
  <p>デフォルトでは、ローカルキャッシュはセッションが破棄されるまで保持されます。ローカルキャッシュは ResultMap の循環参照の解決やネストされたクエリの効率化にも使用されているため、完全に無効化することはできませんが、localCacheScope に STATEMENT を設定することで保持期間をステートメント単位に変更することができます。</p>
  <p>localCacheScope に SESSION が設定されている場合、MyBatis は同一オブジェクトへの参照を返すという点に注意してください。返されたオブジェクトやリストなどに変更を加えた場合、ローカルキャッシュの内容が変更されることになるので、セッションが有効な間に同じクエリを発行すると意図しない結果が戻ることになります。同一セッション内で同じクエリを繰り返し発行するようなケースでは、結果として返されたオブジェクトを変更しないほうが無難です。</p>
  <p>また、次のメソッドを呼び出すことにより任意のタイミングでローカルキャッシュをクリアすることも可能です。</p>
  <source>void clearCache()</source>

  <h5>確実に SqlSession をクローズする</h5>
  <source>void close()</source>
  <p>最も重要なのは、オープンした session は必ずクローズする必要があるということです。そのためには次のようなパターンでコードを書くのが最も確実です。</p>
  <source>SqlSession session = sqlSessionFactory.openSession();
try {
    // following 3 lines pseudocode for "doing some work"
    session.insert(...);
    session.update(...);
    session.delete(...);
    session.commit();
} finally {
    session.close();
}</source>
  <p>MyBatis 3.2 からは Java 1.7 で導入された try-with-resources 構文を使ってクローズ処理を省略することもできます。</p>
  <source>
try (SqlSession session = sqlSessionFactory.openSession()) {
    // following 3 lines pseudocode for "doing some work"
    session.insert(...);
    session.update(...);
    session.delete(...);
    session.commit();
}</source>
  <p><span class="label important">NOTE</span> SqlSessionFactory と同様、getConfiguration() メソッドを呼び出すことで使用中の Configuration のインスタンスを取得することができます。</p>
  <source>Configuration getConfiguration()</source>

  <h5>Mapper を使う</h5>
  <source><![CDATA[<T> T getMapper(Class<T> type)]]></source>
  <p>SqlSession に用意されている insert, update, delete, select などのメソッドは確かに強力ですが、かなり冗長で、型に安全でないため IDE やユニットテストの機能をフルに活用することができません。既にスタートガイドの章で Mapper を使う例が出てきました。</p>
  <p>マップドステートメントを実行する際は Mapper クラスを使った方法がより一般的です。Mapper クラスは SqlSession のメソッドに対応したメソッド定義を持つインターフェイスです。次の例は、Mapper クラスで定義されているメソッドが SqlSession のメソッドとどのように対応しているかを表しています。</p>
  <source><![CDATA[public interface AuthorMapper {
  // (Author) selectOne("selectAuthor",5);
  Author selectAuthor(int id);
  // (List<Author>) selectList(“selectAuthors”)
  List<Author> selectAuthors();
  // (Map<Integer,Author>) selectMap("selectAuthors", "id")
  @MapKey("id")
  Map<Integer, Author> selectAuthors();
  // insert("insertAuthor", author)
  int insertAuthor(Author author);
  // updateAuthor("updateAuthor", author)
  int updateAuthor(Author author);
  // delete("deleteAuthor",5)
  int deleteAuthor(int id);
}]]></source>
  <p>基本的に、それぞれの Mapper メソッドのシグネチャは、対応する SqlSession のメソッドのシグネチャからステートメントの ID を指定する String 型の引数を除いたものになっています。ステートメントの ID は引数で指定するのではなくメソッド名から取得されます。</p>
  <p>戻り値の型について補足しておくと、クエリの結果が単一オブジェクトの場合はその型と一致している必要があり、複数の場合は配列またはコレクションになります。プリミティブ、Map, POJO, JavaBean など通常の型は一通り指定可能です。</p>
  <p><span class="label important">NOTE</span> Mapper インターフェイスは、他のインターフェイスを実装したり、他のクラスを継承する必要はありません。定義されているメソッドのシグネチャから対応するステートメントを識別できるようになっていれば OK です。</p>
  <p><span class="label important">NOTE</span> Mapper インターフェイスは他のインターフェイスを継承することができます。Mapper インターフェイスを XML と組み合わせて使う場合は、ステートメントが正しいネームスペースに含まれるように注意してください。また唯一の制限として、継承関係にある複数のインターフェイスに同じシグネチャを持つメソッドを定義することはできません（そもそも良い考えではありません）。</p>
  <p>Mapper メソッドに複数の引数を渡すこともできます。ステートメントの中では #{param1}, #{param2} のように引数の順番を変数名として使用することができます。数字ではなく分かりやすい名前で引数を参照したい場合は、アノテーションを使って @Param("paramName") のように指定することもできます（引数が複数存在する場合のみ）。</p>
  <p>引数として RowBounds のインスタンスを渡すとクエリ結果の行数を制限することができます。</p>

  <h5>Mapper アノテーション</h5>
  <p>MyBatis は当初から XML 駆動型のフレームワークでした。設定ファイルは XML でしたし、マップドステートメントも XML で定義されています。MyBatis 3 からは新しいオプションが追加されました。MyBatis 3 は包括的で強力な Java ベースの Configuration API の上に構築されています。この Configuration API が、XML による設定とアノテーションによる設定の基礎となっています。アノテーションを使うと、シンプルなマップドステートメントを無駄なく実装することができます。</p>
  <p><span class="label important">NOTE</span> 残念ながら、アノテーションの表現力と柔軟性には制限があります。調査や試行錯誤に多くの時間を費やしたにも関わらず、複雑なマッピングをアノテーションで実現することはできません。（例えば）C# の Attributes にはこのような制限が無いので、MyBatis.NET では XML の代わりに Attributes を活用することができます。とは言っても、Java のアノテーションにも利点が無いわけではありません。</p>
  <p><strong>アノテーション一覧：</strong></p>
  <table>
    <thead>
      <tr>
        <th>アノテーション</th>
        <th>Target</th>
        <th>対応する XML 要素</th>
        <th>説明</th>
      </tr>
    </thead>
    <tbody>
      <tr>
        <td><code>@CacheNamespace</code></td>
        <td><code>Class</code></td>
        <td><code>&lt;cache&gt;</code></td>
        <td>アノテーションを付加したネームスペース（＝クラス）に対するキャッシュを設定します。属性: <code>implementation</code>, <code>eviction</code>, <code>flushInterval</code>, <code>size</code>, <code>readWrite</code>, <code>blocking</code>, <code>properties</code></td>
      </tr>
      <tr>
        <td><code>@Property</code></td>
        <td>N/A</td>
        <td><code>&lt;property&gt;</code></td>
        <td>プロパティ値またはプレースホルダ(<code>mybatis-config.xml</code>で定義した構成プロパティで置き換えすることができる)を指定します。属性: <code>name</code>, <code>value</code>。 (MyBatis 3.4.2+で利用可能)</td>
      </tr>
      <tr>
        <td><code>@CacheNamespaceRef</code></td>
        <td><code>Class</code></td>
        <td><code>&lt;cacheRef&gt;</code></td>
        <td>
          別のネームスペースに対して定義されているキャッシュの設定を参照します。XML マッパーで宣言されているキャッシュは、namespace に同一 FQCN が指定されていても独立したキャッシュとして扱われます。属性: <code>value</code>, <code>name</code>
          このアノテーションを使用する場合は、<code>value</code>または<code>name</code>属性のどちらかを指定する必要があります。
          <code>value</code>属性にはネームスペースを示すJava型(ネームスペース名は指定したJava型のFQCNになる)を、
          <code>name</code>属性(この属性は3.4.2以降で利用可能)にはネームスペースを示す名前を指定します。
        </td>
      </tr>
      <tr>
        <td><code>@ConstructorArgs</code></td>
        <td><code>Method</code></td>
        <td><code>&lt;constructor&gt;</code></td>
        <td>結果オブジェクトのコンストラクターに渡す結果のグループを指定します。単一値 <code>value</code> として <code>Arg</code> の配列を取ります。</td>
      </tr>
      <tr>
        <td><code>@Arg</code></td>
        <td>N/A</td>
        <td>
          <ul>
            <li><code>&lt;arg&gt;</code></li>
            <li><code>&lt;idArg&gt;</code></li>
          </ul>
        </td>
        <td>ConstructorArgs に含まれる個々のコンストラクター引数です。属性: <code>id</code>,
        <code>column</code>, <code>javaType</code>, <code>jdbcType</code>, <code>typeHandler</code>, <code>select</code>,
        <code>resultMap</code>. id は真偽値で、指定したプロパティがオブジェクトをユニークに識別できる値であることを表します。この働きは XML 要素の <code>&lt;idArg&gt;</code> に相当します。</td>
      </tr>
      <tr>
        <td><code>@TypeDiscriminator</code></td>
        <td><code>Method</code></td>
        <td><code>&lt;discriminator&gt;</code></td>
        <td>使用する結果マップを決定するための Case のグループを構成します。属性: <code>column</code>,
        <code>javaType</code>, <code>jdbcType</code>, <code>typeHandler</code>, <code>cases</code>. case の値は <code>Case</code> の配列です。</td>
      </tr>
      <tr>
        <td><code>@Case</code></td>
        <td>N/A</td>
        <td><code>&lt;case&gt;</code></td>
        <td>値と対応するマッピングを含む個々の判定条件です。属性: <code>value</code>, <code>type</code>,
        <code>results</code>. results は Result の配列を値に取るので、この Case アノテーションは次に挙げる <code>Results</code> アノテーションによって定義される実際の resultMap に近いものです。</td>
      </tr>
      <tr>
        <td><code>@Results</code></td>
        <td><code>Method</code></td>
        <td><code>&lt;resultMap&gt;</code></td>
        <td>ある結果列とプロパティまたはフィールドのマッピング情報を定義する Results のリストです。属性: <code>value</code>, <code>id</code>. value 属性は <code>Result</code> アノテーションの配列です。 id 属性でマッピング情報の名前を指定することができます。</td>
      </tr>
      <tr>
        <td><code>@Result</code></td>
        <td>N/A</td>
        <td>
          <ul>
            <li><code>&lt;result&gt;</code></li>
            <li><code>&lt;id&gt;</code></li>
          </ul>
        </td>
        <td>ある結果列とプロパティまたはフィールドのマッピング情報を定義します。属性: <code>id</code>, <code>column</code>,
        <code>property</code>, <code>javaType</code>, <code>jdbcType</code>, <code>typeHandler</code>, <code>one</code>,
        <code>many</code>. id は真偽値で、そのプロパティがオブジェクトの比較に使うよう指示します（XML マッピングにおける id 要素とほぼ同じです）。one は XML における association 要素に、many は collection 要素に相当します（クラス名のコンフリクトを避けるため異なる名称が使われています）。</td>
      </tr>
      <tr>
        <td><code>@One</code></td>
        <td>N/A</td>
        <td><code>&lt;association&gt;</code></td>
        <td>複雑型のプロパティのマッピング情報を定義します。属性: <code>select</code>, <code>fetchType</code>. select は適切な型を読み込むことができるマップドステートメント（Mapper メソッド）の完全修飾名です。
        fetchType はグローバルな設定 <code>lazyLoadingEnabled</code> をオーバーライドする場合に指定します。
        <span class="label important">NOTE</span> アノテーション API では結合マッピングがサポートされていません。これは Java アノテーションでは循環参照が許可されないためです。</td>
      </tr>
      <tr>
        <td><code>@Many</code></td>
        <td>N/A</td>
        <td><code>&lt;collection&gt;</code></td>
        <td>複雑型のプロパティのマッピング情報を定義します。属性: <code>select</code>, <code>fetchType</code>. select は適切な型のコレクションを読み込むことができるマップドステートメント（Mapper メソッド）の完全修飾名です。
        fetchType はグローバルな設定 <code>lazyLoadingEnabled</code> をオーバーライドする場合に指定します。
        <span class="label important">NOTE</span> アノテーション API では結合マッピングがサポートされていません。これは Java アノテーションでは循環参照が許可されないためです。</td>
      </tr>
      <tr>
        <td><code>@MapKey</code></td>
        <td><code>Method</code></td>
        <td> </td>
        <td>このアノテーションは Map を返すメソッドに付加します。結果オブジェクトのリストを Map として返すことができます。単一値 <code>value</code> は、結果オブジェクトのプロパティで、Map のキーとして使用されます。</td>
      </tr>
      <tr>
        <td><code>@Options</code></td>
        <td><code>Method</code></td>
        <td>マップドステートメントの属性</td>
        <td>このアノテーションを使うと、通常マップドステートメントの属性として指定される多様なスイッチや設定オプションにアクセスすることができます。<code>Options</code> アノテーションによって、各ステートメントのアノテーションを複雑化することなく、一貫したクリーンな方法で設定にアクセスできるよう工夫されています。キー: Attributes:
        <code>useCache=true</code>, <code>flushCache=FlushCachePolicy.DEFAULT</code>, <code>resultSetType=DEFAULT</code>,
        <code>statementType=PREPARED</code>, <code>fetchSize=-1</code>, <code>timeout=-1</code>,
        <code>useGeneratedKeys=false</code>, <code>keyProperty=""</code>, <code>keyColumn=""</code>, <code>resultSets=""</code>.
        Java アノテーションを使う場合、値として <code>null</code> を指定することはできないという制限があります。これはどういうことかというと、<code>Options</code> アノテーションを付加したステートメントにはデフォルトのオプションが適用されるということです。予期しない動作を防ぐため、各オプションのデフォルト値を把握しておくようにしてください。<br/><br/>
        <code>keyColumn</code> は特定のデータベース（Oracle や PostgreSQL など）でのみ必須となります。
        <code>keyColumn</code> と <code>keyProperty</code> に対して指定可能な値については、上で出てきた insert ステートメントについての説明を参照してください。</td>
      </tr>
      <tr>
        <td>
          <ul>
            <li><code>@Insert</code></li>
            <li><code>@Update</code></li>
            <li><code>@Delete</code></li>
            <li><code>@Select</code></li>
          </ul>
        </td>
        <td><code>Method</code></td>
        <td>
          <ul>
            <li><code>&lt;insert&gt;</code></li>
            <li><code>&lt;update&gt;</code></li>
            <li><code>&lt;delete&gt;</code></li>
            <li><code>&lt;select&gt;</code></li>
          </ul>
        </td>
        <td>これらのアノテーションは、それぞれ実行対象の SQL に対応しています。各アノテーションは String の配列（単一の String でも OK）を引数に取ります。渡された String の配列は、スペース区切りで連結されます。これによって、Java のコード内で SQL を構築するときに良くある 'スペースの付け忘れ' によるバグを防ぐことができます。一応、'+' 記号で連結した文字列を引数とすることも可能です。単一値 <code>value</code> は SQL ステートメントを構成する String の配列です。</td>
      </tr>
      <tr>
        <td>
          <ul>
            <li><code>@InsertProvider</code></li>
            <li><code>@UpdateProvider</code></li>
            <li><code>@DeleteProvider</code></li>
            <li><code>@SelectProvider</code></li>
          </ul>
        </td>
        <td><code>Method</code></td>
        <td>
          <ul>
            <li><code>&lt;insert&gt;</code></li>
            <li><code>&lt;update&gt;</code></li>
            <li><code>&lt;delete&gt;</code></li>
            <li><code>&lt;select&gt;</code></li>
          </ul>
        </td>
        <td>これらのアノテーションは動的 SQL を生成するためのものです。実行時に指定されたメソッドが呼び出され、メソッドから返された SQL ステートメントが実行されます (MyBatis 3.4.6以降では、メソッドの返り値として <code>String</code> ではなく <code>CharSequence</code> を指定することができます)。
        マップドステートメントを実行する際、プロバイダーによって指定したクラスのインスタンスが作成され、指定されたメソッドが実行されます。
        なお、メソッド引数にはMapperメソッドの引数に渡したオブジェクトに加え、<code>ProviderContext</code>(MyBatis 3.4.5以降で利用可能)を介して「Mapperインタフェースの型」「Mapperメソッド」「データベースID」を渡すことができます。(MyBatis 3.4以降では、複数の引数を渡すことができます)
        キー: <code>type</code>, <code>method</code>. <code>type</code> にはクラスオブジェクト、<code>method</code> にはメソッド名を指定します
        (MyBatis 3.5.1以降では、<code>method</code> 属性を省略することができます。その際MyBatisは、<code>ProviderMethodResolver</code> インタフェースを介して対象メソッドの解決を試み、
        対象メソッドが解決できない場合は、<code>provideSql</code>という名前のメソッドを代替メソッドとして利用します)。
        <span class="label important">NOTE</span> 次の章で、クリーンで可読性の高いコードで動的 SQL を構築するためのクラスについて説明します。
</td>
      </tr>
      <tr>
        <td><code>@Param</code></td>
        <td><code>Parameter</code></td>
        <td>N/A</td>
        <td>Mapper メソッドが複数の引数を取る場合、このアノテーションを付加することで各引数を名前で参照できるようになります。アノテーションがない場合、各引数は位置を表す数字で <code>#{param1}</code>, <code>#{param2}</code> のように参照します（<code>RowBounds</code> 引数はカウントしません）。
        引数に <code>@Param("person")</code> というアノテーションを付加すると、この引数は <code>#{person}</code> として参照できるようになります。</td>
      </tr>
      <tr>
        <td><code>@SelectKey</code></td>
        <td><code>Method</code></td>
        <td><code>&lt;selectKey&gt;</code></td>
        <td>このアノテーションを <code>@Insert</code>, <code>@InsertProvider</code>, <code>@Update</code>, <code>@UpdateProvider</code> が付加されたメソッドに追加することで、XML の <code>&lt;selectKey&gt;</code> に相当する機能を実現することができます（他のメソッドに追加しても無視されます）。<code>@SelectKey</code> アノテーションが指定されている場合、<code>@Options</code> アノテーションや設定プロパティによるキーの自動生成に関する設定は無視されます。
        属性: <code>statement</code> SQL ステートメントを構成する String の配列です。 <code>keyProperty</code> は自動生成されたキーの値が設定される引数オブジェクトのプロパティを指定します。<code>before</code> insert の前にステートメントを実行する場合は true、後に実行する場合は false を指定します。<code>resultType</code> は keyProperty で指定したプロパティの Java タイプです。<code>statementType</code> はステートメントの種類で STATEMENT, PREPARED, CALLABLE のいずれかを指定します（デフォルトは PREPARED）。</td>
      </tr>
      <tr>
        <td><code>@ResultMap</code></td>
        <td><code>Method</code></td>
        <td>N/A</td>
        <td>このアノテーションを <code>@Select</code> または <code>@SelectProvider</code> が付加されているメソッドに追加することで、結果のマッピングに XML の Mapper ファイルで定義されている resultMap 要素を利用することができます。の id を指定します。単一値の <code>value</code> には resultMap の id を指定します。このアノテーションは <code>@Results</code> や <code>@ConstructorArgs</code> による指定よりも優先されます。</td>
      </tr>
      <tr>
        <td><code>@ResultType</code></td>
        <td><code>Method</code></td>
        <td>N/A</td>
        <td>ResultHandler を使うメソッドでは戻り値の型が void となるので、このアノテーションを使って各行のデータをどのクラスにマップするかを指定します。XMLの ResultMap が存在する場合は @ResultMap アノテーションで指定することができます。XML の <code>&lt;select&gt;</code> 要素で resultType が指定されている場合はアノテーションによる指定は不要です。それ以外の場合、例えば @Select アノテーションが付加された引数に ResultHandler を含むメソッドの場合は戻り値の型は void である必要があるので、このアノテーション（あるいは @ResultMap）を使って型を指定する必要があります。メソッドの戻り値の型が void 以外の場合、このアノテーションは無視されます。</td>
      </tr>
      <tr>
        <td><code>@Flush</code></td>
        <td><code>Method</code></td>
        <td>N/A</td>
        <td>このアノテーションを使用すると、<code>SqlSession#flushStatements()</code>メソッドを Mapper インタフェースに定義したメソッド経由で呼び出すことができます。(MyBatis 3.3以上)</td>
      </tr>
    </tbody>
  </table>

  <h5>Mapper アノテーションのサンプル</h5>
  <p>次のコードは @SelectKey アノテーションを使って insert 前にシーケンスの値を取得する例です。</p>
  <source>@Insert("insert into table3 (id, name) values(#{nameId}, #{name})")
@SelectKey(statement="call next value for TestSequence", keyProperty="nameId", before=<strong>true</strong>, resultType=<strong>int.class</strong>)
<strong>int</strong> insertTable3(Name name);</source>

  <p>次のコードは @SelectKey アノテーションを使って insert 後に identity の値を取得する例です。</p>
  <source>@Insert("insert into table2 (name) values(#{name})")
@SelectKey(statement="call identity()", keyProperty="nameId", before=<strong>false</strong>, resultType=<strong>int.class</strong>)
<strong>int</strong> insertTable2(Name name);</source>

  <p>次のコードは <code>@Flush</code> アノテーションを使って <code>SqlSession#flushStatements()</code>メソッドを呼び出す例です。</p>
  <source><![CDATA[@Flush
List<BatchResult> flush();]]></source>

  <p>次のコードは @Results アノテーションの id 属性で名前を指定する例です。</p>
  <source>@Results(id = "userResult", value = {
  @Result(property = "id", column = "uid", id = <strong>true</strong>),
  @Result(property = "firstName", column = "first_name"),
  @Result(property = "lastName", column = "last_name")
})
@Select("select * from users where id = #{id}")
User getUserById(Integer id);

@Results(id = "companyResults")
@ConstructorArgs({
  @Arg(property = "id", column = "cid", id = <strong>true</strong>),
  @Arg(property = "name", column = "name")
})
@Select("select * from company where id = #{id}")
Company getCompanyById(Integer id);</source>

  <p>次のコードは SQLプロバイダー用のアノテーションを使用して、パラメータをひとつ受け取る例です。</p>
  <source><![CDATA[@SelectProvider(type = UserSqlBuilder.class, method = "buildGetUsersByName")
List<User> getUsersByName(String name);

class UserSqlBuilder {
  public static String buildGetUsersByName(final String name) {
    return new SQL(){{
      SELECT("*");
      FROM("users");
      if (name != null) {
        WHERE("name like #{value} || '%'");
      }
      ORDER_BY("id");
    }}.toString();
  }
}]]></source>

  <p>次のコードは SQLプロバイダー用のアノテーションを使用して、複数パラメータをひとつ受け取る例です。</p>
  <source><![CDATA[@SelectProvider(type = UserSqlBuilder.class, method = "buildGetUsersByName")
List<User> getUsersByName(
    @Param("name") String name, @Param("orderByColumn") String orderByColumn);

class UserSqlBuilder {

  // @Paramを使わない場合は, Mapperメソッドと同じ引数で定義する必要があります。
  public static String buildGetUsersByName(
      final String name, final String orderByColumn) {
    return new SQL(){{
      SELECT("*");
      FROM("users");
      WHERE("name like #{name} || '%'");
      ORDER_BY(orderByColumn);
    }}.toString();
  }

  // @Paramを使う場合は, 必要な引数のみ定義することができます。
  public static String buildGetUsersByName(@Param("orderByColumn") final String orderByColumn) {
    return new SQL(){{
      SELECT("*");
      FROM("users");
      WHERE("name like #{name} || '%'");
      ORDER_BY(orderByColumn);
    }}.toString();
  }
}]]></source>

    <p>次のコードは、<code>ProviderMethodResolver</code>(MyBatis 3.5.1以降で利用可能)のデフォルト実装の利用例です。</p>
    <source><![CDATA[@SelectProvider(type = UserSqlProvider.class)
List<User> getUsersByName(String name);

// SQLプロバイダクラスにProviderMethodResolverを実装する
class UserSqlProvider implements ProviderMethodResolver {

  // デフォルト実装では、マッパーメソッドと同名のメソッドが対象メソッドとして扱われます。
  public static String getUsersByName(final String name) {
    return new SQL(){{
      SELECT("*");
      FROM("users");
      if (name != null) {
        WHERE("name like #{value} || '%'");
      }
      ORDER_BY("id");
    }}.toString();
  }

}]]></source>

  </subsection>

  </section>
  </body>
</document>
